Lot de pièce,10 €,https://www.leboncoin.fr/ad/collection/3135873709
Ancien circuit voiture marque stunt racer entierement neuf,40 €,https://www.leboncoin.fr/ad/collection/3135873589
Flipper en panne,1 000 €,https://www.leboncoin.fr/ad/collection/3135873492
CTD33: Pour Collectionneur : Set Columbia Couteau +petite Hachette H7,50 €,https://www.leboncoin.fr/ad/collection/3012142261
Éternity bleus doué,20 €,https://www.leboncoin.fr/ad/collection/3135873427
Lot timbres type Pasteur série du N°170 -181 panachés * et,16 €,https://www.leboncoin.fr/ad/collection/3135873420
Figurine Marvel,25 €Baisse de prix,https://www.leboncoin.fr/ad/collection/3090896151
CTD33: Bowie lame en acier damas 256 couches manche en corne ref B147,50 €,https://www.leboncoin.fr/ad/collection/2995342221
Denier tournois monnaie royale PHILIPPE IV LE BEL,30 €,https://www.leboncoin.fr/ad/collection/3135873394
Mega kangourex ex 182/132,65 €,https://www.leboncoin.fr/ad/collection/3135873275
Appartement 2 pièces 43 m²,258 000 €,https://www.leboncoin.fr/ad/ventes_immobilieres/3135873302
Maison 1 pièce 53 m²,55 000 €,https://www.leboncoin.fr/ad/ventes_immobilieres/3135873301
Maison 10 pièces 220 m²,795 000 €,https://www.leboncoin.fr/ad/ventes_immobilieres/3135873293
Appartement 3 pièces 71 m²,378 000 €,https://www.leboncoin.fr/ad/ventes_immobilieres/3135873289
Terrain constructible,44 000 €,https://www.leboncoin.fr/ad/ventes_immobilieres/3127570037
Maison en Viager 2 pièces 80 m²,165 000 €,https://www.leboncoin.fr/ad/ventes_immobilieres/3135873115
Maison 168 m² Pau,255 000 €Baisse de prix,https://www.leboncoin.fr/ad/ventes_immobilieres/3131960634
Appartement 2 pièces 53 m²,310 000 €,https://www.leboncoin.fr/ad/ventes_immobilieres/3135873066
Appartement 2 pièces 73 m²,580 000 €,https://www.leboncoin.fr/ad/ventes_immobilieres/3135873064
"Pavillon T4 terrain 565 m2 10 MM Rer D, Forêt, Ecole",459 000 €,https://www.leboncoin.fr/ad/ventes_immobilieres/2097391893
Bonnet,10 €,https://www.leboncoin.fr/ad/accessoires_bagagerie/3135873588
Iphone 13,150 €,https://www.leboncoin.fr/ad/telephones_objets_connectes/3127186601
IPhone 15pro,550 €,https://www.leboncoin.fr/ad/telephones_objets_connectes/3131101215
IPhone 16 256go,550 €,https://www.leboncoin.fr/ad/telephones_objets_connectes/3123173449
Iphone 12 négociable,170 €Baisse de prix,https://www.leboncoin.fr/ad/telephones_objets_connectes/3123633108
IPhone 15,370 €,https://www.leboncoin.fr/ad/telephones_objets_connectes/3118996589
IPhone 11 64go,50 €Baisse de prix,https://www.leboncoin.fr/ad/telephones_objets_connectes/3104144302
IPhone 15 pro,500 €Baisse de prix,https://www.leboncoin.fr/ad/telephones_objets_connectes/3130060945
Iphone 15 Rose,450 €,https://www.leboncoin.fr/ad/telephones_objets_connectes/3130879454
IPhone 13,205 €Baisse de prix,https://www.leboncoin.fr/ad/telephones_objets_connectes/3130153556
Iphone 13,270 €,https://www.leboncoin.fr/ad/telephones_objets_connectes/3121713024
Iphone 15 pro,500 €,https://www.leboncoin.fr/ad/telephones_objets_connectes/3123145261
IPhone 16 neuf,500 €,https://www.leboncoin.fr/ad/telephones_objets_connectes/3131047780
IPhone 16,400 €,https://www.leboncoin.fr/ad/telephones_objets_connectes/3131941865
IPhone 12,180 €,https://www.leboncoin.fr/ad/telephones_objets_connectes/3130820882
IPhone 12,75 €,https://www.leboncoin.fr/ad/telephones_objets_connectes/3132833428
IPhone 13,250 €,https://www.leboncoin.fr/ad/telephones_objets_connectes/3129295726
Pas de nom,Pas de prix,
Pas de nom,Pas de prix,
Pas de nom,Pas de prix,
